{"cameraMode":{"drawMode":0,"name":"Shaded","section":"Shading Mode"},"sceneLighting":true,"audioPlay":false,"sceneViewState":{"showFog":true,"showMaterialUpdate":false,"showSkybox":true,"showFlares":true,"showImageEffects":true,"showParticleSystems":true},"in2DMode":false,"pivot":{"x":5.581085205078125,"y":10.4375,"z":-5.837158203125},"rotation":{"x":0.013377196155488491,"y":-0.9477894902229309,"z":0.31608542799949648,"w":0.040112003684043887},"size":25.906314849853517,"orthographic":true}